[{"model": "films.genre_film", "pk": 2, "fields": {"genre": "Documentaire"}}, {"model": "films.genre_film", "pk": 3, "fields": {"genre": "Fan Film"}}, {"model": "films.genre_film", "pk": 4, "fields": {"genre": "Cuisine"}}, {"model": "films.acteur", "pk": 1, "fields": {"name": "J\u00e9r\u00e9my Belando", "resumeCV": "J\u00e9r\u00e9my BELANDO est n\u00e9 \u00e0 Avignon, le 15 janvier 1985. D\u00e8s son plus jeune \u00e2ge, il obtient sa premi\u00e8re cam\u00e9ra et commence \u00e0 exp\u00e9rimenter la mati\u00e8re audiovisuelle. \u00e0 partir de 2005, il \u00e9tudie la vie et les techniques des r\u00e9alisateurs qu'il suit pour reproduire leur style, et finir par trouver le sien. Apr\u00e8s un Bac \u00e9conomie et deux ans de Fac de psycho, il int\u00e8gre l'\u00e9cole sup\u00e9rieure de r\u00e9alisation audiovisuelle (ESRA) de 2005 \u00e0 2008 et obtient son dipl\u00f4me avec sp\u00e9cialisation montage. En 2010, il devient le r\u00e9alisateur/monteur de l'Association Audioviz o\u00f9 il r\u00e9alisera de nombreux courts-m\u00e9trages dont certains s\u00e9lectionn\u00e9s dans des festivals. Il r\u00e9alisera \u00e9galement des captations de spectacles de th\u00e9\u00e2tre et de danse. C'est en 2013 que J\u00e9r\u00e9my se d\u00e9marque en r\u00e9alisant \u00ab IZO \u00bb, un film sur la schizophr\u00e9nie et conna\u00eet un large succ\u00e8s en d\u00e9crochant deux prix du public et le prix de l'avenir pour le r\u00e9alisateur aux festivals Entr' 2 marches \u00e0 Cannes et Handivalide ainsi que des dizaines de s\u00e9lections partout en France et \u00e0 l'international. Aujourd'hui, J\u00e9r\u00e9my anime un atelier Court-m\u00e9trage au GEM (Groupe d'Entraide Mutuelle) pour les patients souffrant de probl\u00e8mes psychiatriques \u00e0 Monaco.", "photoActeur": "Images/Photos/5bb3a4f89bc6f.jpg"}}, {"model": "films.acteur", "pk": 2, "fields": {"name": "Henri Adam", "resumeCV": "Grand-P\u00e8re", "photoActeur": ""}}, {"model": "films.acteur", "pk": 3, "fields": {"name": "Fran\u00e7oise Adam", "resumeCV": "Grand-m\u00e8re", "photoActeur": ""}}, {"model": "films.acteur", "pk": 4, "fields": {"name": "Isabelle Adam", "resumeCV": "Tante", "photoActeur": ""}}, {"model": "films.acteur", "pk": 5, "fields": {"name": "Angel Belando", "resumeCV": "P\u00e8re", "photoActeur": ""}}, {"model": "films.acteur", "pk": 6, "fields": {"name": "Carole Belando", "resumeCV": "M\u00e8re", "photoActeur": ""}}, {"model": "films.acteur", "pk": 7, "fields": {"name": "Benjamin Belando", "resumeCV": "Benjamin BELANDO est n\u00e9 \u00e0 Saint Etienne, le 22 mai 1989. D\u00e8s son plus jeune \u00e2ge, il d\u00e9couvre avec fascination l\u2019univers du cin\u00e9ma. A 8 ans, il obtient sa premi\u00e8re cam\u00e9ra et se passionnera d\u00e8s lors tout au long de son enfance \u00e0 la mise en sc\u00e8ne d\u2019histoires exp\u00e9rimentales accompagn\u00e9 de son fr\u00e8re a\u00een\u00e9. Lors de ses 13 ans, Benjamin \u00e9crit sa premi\u00e8re histoire intitul\u00e9e \u00ab Le monde \u00e0 l\u2019envers \u00bb. C\u2019est \u00e0 ce moment-l\u00e0 qu\u2019il d\u00e9veloppera sa plus grande passion : l\u2019\u00e9criture. En 2010, \u00ab Les fr\u00e8res BELANDO \u00bb cr\u00e9ent l\u2019Association Audioviz, sp\u00e9cialis\u00e9e dans la cr\u00e9ation audiovisuelle et le montage vid\u00e9o afin de fusionner leurs comp\u00e9tences jusqu'\u00e0 obtenir trois prix lors de festivals. En 2013, Benjamin obtient sa formation de sc\u00e9nariste court-m\u00e9trage \u00e0 l'Institut des M\u00e9tiers de la Communication Audiovisuelle (IMCA provence). En 2014, il \u00e9crit trois sc\u00e9narios ; \u00ab Faux semblants \u00bb, \u00ab Stepfather \u00bb et \u00ab Du jour au lendemain \u00bb pour 3 r\u00e9alisateurs fran\u00e7ais et \u00e9tranger.", "photoActeur": "Images/Photos/589f43c9c3f0f.jpg"}}, {"model": "films.acteur", "pk": 8, "fields": {"name": "Audioviz", "resumeCV": "L\u2019assocation Audioviz a pour objectif  :\r\n\r\nProduction/r\u00e9alisation de courts, moyens et longs m\u00e9trages\r\nClips vid\u00e9os\r\nReportages\r\nPublicit\u00e9es\r\nRenforcer les liens sociaux par la r\u00e9alisation en \u00e9quipe d'une \u0153uvre audiovisuelle\r\nMembres :\r\n\r\nPr\u00e9sident : Benjamin Belando\r\nVice-pr\u00e9sident : Loic Artieri\r\nTr\u00e9sori\u00e8re/Secr\u00e9taire : Carole Belando\r\n\r\nS\u00e9lections Officielles  :\r\n\r\nLes R\u00e9cup\u00e9rateurs : S\u00e9lectionn\u00e9 par Allocin\u00e9 dans la rubrique Court-m\u00e9trage \u2013 Internet (D\u00e9cembre 2011)\r\nGunland : S\u00e9lection Officielle au festival CINEMATOR \u2013 Carros  (Mars 2012)\r\nPatriote : S\u00e9lection Officielle au festival CINEMATOR \u2013 Carros  (Mars 2013)\r\nIzo : S\u00e9lection Officielle au festival Entr\u20192 Marches \u2013 Cannes (Mai 2013)\r\nZico : S\u00e9lectionn\u00e9 sur le site OnrealiZ.com pour les courts-m\u00e9trages francophone amateurs du mois d\u2019octobre \u2013 Internet (Octobre 2013) Izo : Projection Cinema du court-m\u00e9trage en Alsace  (Octobre 2013)\r\nIzo : S\u00e9lection Officielle pour la 15\u00e8me \u00e9dition des rencontres vid\u00e9os mental\u2013 Paris (Novembre  2013)Je suis une promenade : S\u00e9lection Officielle au festival Nikon 4 \u00e8me \u00e9dition \u00ab Je suis un souvenir \u00bb (Janvier  2014)\r\nJe suis un souvenir de jeunesse : S\u00e9lection Officielle au festival Nikon 4 \u00e8me\u00e9dition \u00ab Je suis un souvenir \u00bb (Janvier  2014)\r\nIzo : S\u00e9lection Officielle pour une \u00e9dition des rencontres vid\u00e9os mental \u2013 Nancy (Mars 2014)\r\nDyslexie : S\u00e9lection Officielle pour le 1 er  Printemps des Dys  - Thiers (Avril 2014) \r\nR\u00e9compense :\r\n\r\nIzo : Prix du Public festival Entr\u20192 Marches \u2013 Cannes (Mai 2013)", "photoActeur": "Images/Photos/Logo_anniversaire.jpg"}}, {"model": "films.acteur", "pk": 9, "fields": {"name": "Ludovic Ardoise", "resumeCV": ".", "photoActeur": "Images/Photos/Ludovic-Ardoise.jpg"}}, {"model": "films.role", "pk": 1, "fields": {"name": "R\u00e9alisateur", "description": "test"}}, {"model": "films.role", "pk": 2, "fields": {"name": "Monteur", "description": "Monteur"}}, {"model": "films.role", "pk": 3, "fields": {"name": "Directeur de la Photographie", "description": "Directeur de la Photographie"}}, {"model": "films.role", "pk": 4, "fields": {"name": "Producteur", "description": "Producteur"}}, {"model": "films.role", "pk": 5, "fields": {"name": "Producteur Ex\u00e9cutif", "description": "Producteur Ex\u00e9cutif"}}, {"model": "films.role", "pk": 6, "fields": {"name": "Acteur", "description": "Acteur"}}, {"model": "films.role", "pk": 7, "fields": {"name": "Id\u00e9e originale de", "description": "Id\u00e9e originale de"}}, {"model": "films.role", "pk": 8, "fields": {"name": "Assistant r\u00e9alisateur", "description": "Assistant r\u00e9alisateur"}}, {"model": "films.video_type", "pk": 2, "fields": {"name": "Bande-Annonce"}}, {"model": "films.video_type", "pk": 3, "fields": {"name": "Extrait"}}, {"model": "films.video_type", "pk": 4, "fields": {"name": "Fillm"}}, {"model": "films.video_type", "pk": 5, "fields": {"name": "Film"}}, {"model": "films.video_type", "pk": 6, "fields": {"name": "Film BOF"}}, {"model": "films.video_type", "pk": 7, "fields": {"name": "Clip ultimate"}}, {"model": "films.video_type", "pk": 8, "fields": {"name": "Forzani / Cattet Style"}}, {"model": "films.video_type", "pk": 9, "fields": {"name": "Teaser"}}, {"model": "films.video", "pk": 2, "fields": {"name": "En provence- Bande Annonce", "videoType": 2, "UrlVideo": "uX-UslzP_vE"}}, {"model": "films.video", "pk": 3, "fields": {"name": "En Provence - Extrait n\u00b01", "videoType": 3, "UrlVideo": "7IyMnG5Vx3w"}}, {"model": "films.video", "pk": 4, "fields": {"name": "007 Fan Film : The case is not enough - Film", "videoType": 5, "UrlVideo": "LF_UiTTERcU"}}, {"model": "films.video", "pk": 5, "fields": {"name": "007 Fan Film : The case is not enough - Film with BOF", "videoType": 6, "UrlVideo": "XDKX2rzzQ9A"}}, {"model": "films.video", "pk": 6, "fields": {"name": "007 Ultimate Fan film", "videoType": 7, "UrlVideo": "biV0i3Ib2qc"}}, {"model": "films.video", "pk": 7, "fields": {"name": "James Bond Fan Film ( Forzani / Cattet Style )", "videoType": 8, "UrlVideo": "biV0i3Ib2qc"}}, {"model": "films.video", "pk": 8, "fields": {"name": "ZICO - Court-m\u00e9trage", "videoType": 5, "UrlVideo": "B9D0RzH2IAI"}}, {"model": "films.video", "pk": 9, "fields": {"name": "ZICO - Teaser", "videoType": 9, "UrlVideo": "CYTN13k1ph0"}}, {"model": "films.video", "pk": 10, "fields": {"name": "Tartare", "videoType": 5, "UrlVideo": "RiKAcjLTWCU"}}, {"model": "films.photo", "pk": 2, "fields": {"name": "Photo Test", "photo": "films/static/film/img/Photos/Affiche_En_Provence_-_L\u00e9ger.jpg"}}, {"model": "films.photo", "pk": 3, "fields": {"name": "Photo Test 007", "photo": "films/static/film/img/Photos/007fanfilmafficheleger.jpg"}}, {"model": "films.photo", "pk": 4, "fields": {"name": "zico_1", "photo": "Images/Photos/zico_1_20150327_1759916392.jpg"}}, {"model": "films.photo", "pk": 5, "fields": {"name": "zico_2", "photo": "Images/Photos/zico_2_20150327_1059753957.jpg"}}, {"model": "films.photo", "pk": 6, "fields": {"name": "zico_3", "photo": "Images/Photos/zico_3_20150327_1240663760.jpg"}}, {"model": "films.photo", "pk": 7, "fields": {"name": "zico_4", "photo": "Images/Photos/zico_4_20150327_1341486162.jpg"}}, {"model": "films.photo", "pk": 8, "fields": {"name": "zico_5", "photo": "Images/Photos/zico_5_20150327_1452773279.jpg"}}, {"model": "films.photo", "pk": 9, "fields": {"name": "zico_6", "photo": "Images/Photos/zico_6_20150327_1058254745.jpg"}}, {"model": "films.photo", "pk": 10, "fields": {"name": "zico_7", "photo": "Images/Photos/zico_7_20150327_1166939415.jpg"}}, {"model": "films.photo", "pk": 11, "fields": {"name": "zico_8", "photo": "Images/Photos/zico_8_20150327_1198493902.jpg"}}, {"model": "films.photo", "pk": 12, "fields": {"name": "zico_9", "photo": "Images/Photos/zico_9_20150327_1850337992.jpg"}}, {"model": "films.photo", "pk": 13, "fields": {"name": "zico_10", "photo": "Images/Photos/zico_10_20150327_1713515724.jpg"}}, {"model": "films.photo", "pk": 14, "fields": {"name": "zico_11", "photo": "Images/Photos/zico_11_20150327_1401682429.jpg"}}, {"model": "films.photo", "pk": 15, "fields": {"name": "zico_12", "photo": "Images/Photos/zico_12_20150327_1840318400.jpg"}}, {"model": "films.photo", "pk": 16, "fields": {"name": "zico_13", "photo": "Images/Photos/zico_13_20150327_1401712302.jpg"}}, {"model": "films.photo", "pk": 17, "fields": {"name": "zico_14", "photo": "Images/Photos/zico_14_20150327_1151147438.jpg"}}, {"model": "films.film", "pk": 1, "fields": {"title": "En Provence", "status": "ECO", "genre": 2, "synopsis": "M\u00e9lange \u00e9tourdissant entre le \u00ab Feel good movie \u00bb (ces fameux films que l\u2019on regarde en se sentant bien), le \u00ab Hangout movie \u00bb (ces films o\u00f9 l\u2019on passe un bon moment avec des personnages que l\u2019on adore) et le documentaire, \u00ab En Provence \u00bb est un v\u00e9ritable petit bijoux d\u2019humanit\u00e9. Un moment des plus agr\u00e9able. Le brillant montage croise le destin de pas moins de 4 g\u00e9n\u00e9rations. Des grands parents \u00e0 l\u2019arri\u00e8re petite fille dans un d\u00e9luge de moment tendre et hilarant. Ne vous privez pas de ce plaisir. Un grand documentaire \u00e0 voir et revoir en famille.", "created_at": "2018-11-07T07:59:14.338Z", "created_user": "", "changed_at": "2018-11-07T07:59:14.338Z", "changed_user": "", "picture": "Images/AffichesFilms/Affiche_En_Provence_MGFa0el.jpg", "an_creation": 2018, "video": [2, 3], "photo": []}}, {"model": "films.film", "pk": 2, "fields": {"title": "007 Fan Film : The case is not enough", "status": "ECO", "genre": 2, "synopsis": "James Bond doit retrouver une mallette d'une importance capitale.", "created_at": "2018-11-07T09:54:15.298Z", "created_user": "", "changed_at": "2018-11-07T09:54:15.298Z", "changed_user": "", "picture": "Images/AffichesFilms/007fanfilmafficheleger_MKDMaC4.jpg", "an_creation": 2018, "video": [4, 5, 6, 7], "photo": []}}, {"model": "films.film", "pk": 3, "fields": {"title": "ZICO", "status": "ECO", "genre": 2, "synopsis": "Ils ont tu\u00e9 sa femme. Il va se venger...C'est peut-\u00eatre plus compliqu\u00e9 que \u00e7a.", "created_at": "2018-11-14T08:31:11.212Z", "created_user": "", "changed_at": "2018-11-14T08:31:11.213Z", "changed_user": "", "picture": "Images/AffichesFilms/afficheZico03_-_Copie.jpg", "an_creation": 2018, "video": [8, 9], "photo": [4, 5, 6, 7, 9, 10, 11, 12, 13, 14, 15, 16, 17]}}, {"model": "films.film", "pk": 4, "fields": {"title": "Tartare \u00e0 l'Italienne", "status": "ECO", "genre": 4, "synopsis": "Recette", "created_at": "2018-11-14T17:17:54.790Z", "created_user": "", "changed_at": "2018-11-14T17:17:54.790Z", "changed_user": "", "picture": "Images/AffichesFilms/afficheMachinGun02_.jpg", "an_creation": 2010, "video": [10], "photo": []}}, {"model": "films.film", "pk": 5, "fields": {"title": "test", "status": "ECO", "genre": 3, "synopsis": "TEST", "created_at": "2018-12-05T17:09:11.259Z", "created_user": "", "changed_at": "2018-12-05T17:09:11.259Z", "changed_user": "", "picture": "Images/AffichesFilms/Affiche_Auron_definitive.jpg", "an_creation": 2010, "video": [], "photo": []}}, {"model": "films.film", "pk": 6, "fields": {"title": "TEST2", "status": "ECO", "genre": 3, "synopsis": "TEST2", "created_at": "2018-12-05T17:09:47.716Z", "created_user": "", "changed_at": "2018-12-05T17:09:47.716Z", "changed_user": "", "picture": "Images/AffichesFilms/Affiche_The_Rock_II_-_petite_vignette.jpg", "an_creation": 2013, "video": [], "photo": []}}, {"model": "films.film", "pk": 7, "fields": {"title": "TEST3", "status": "ECO", "genre": 4, "synopsis": "TEST3", "created_at": "2018-12-05T17:10:49.120Z", "created_user": "", "changed_at": "2018-12-05T17:10:49.120Z", "changed_user": "", "picture": "Images/AffichesFilms/afficheDyslexie-1.jpg", "an_creation": 2011, "video": [], "photo": []}}, {"model": "films.film", "pk": 8, "fields": {"title": "TEST4", "status": "ECO", "genre": 3, "synopsis": "TEST4", "created_at": "2018-12-05T17:11:42.865Z", "created_user": "", "changed_at": "2018-12-05T17:11:42.865Z", "changed_user": "", "picture": "Images/AffichesFilms/afficheHymealaljoielger.jpg", "an_creation": 2009, "video": [], "photo": []}}, {"model": "films.film", "pk": 9, "fields": {"title": "TEST5", "status": "ECO", "genre": 4, "synopsis": "TES", "created_at": "2018-12-05T17:12:13.242Z", "created_user": "", "changed_at": "2018-12-05T17:12:13.242Z", "changed_user": "", "picture": "Images/AffichesFilms/afficheLeFabuleux_monde_cine_amat_vitrine.jpg", "an_creation": 2012, "video": [], "photo": []}}, {"model": "films.film", "pk": 10, "fields": {"title": "TEST6", "status": "ECO", "genre": 2, "synopsis": "TEST6", "created_at": "2018-12-05T17:13:12.392Z", "created_user": "", "changed_at": "2018-12-05T17:13:12.392Z", "changed_user": "", "picture": "Images/AffichesFilms/affichecatsleger.jpg", "an_creation": 2012, "video": [], "photo": []}}, {"model": "films.film", "pk": 11, "fields": {"title": "TST7", "status": "ECO", "genre": 2, "synopsis": "TEST7", "created_at": "2018-12-05T17:13:34.068Z", "created_user": "", "changed_at": "2018-12-05T17:13:34.068Z", "changed_user": "", "picture": "Images/AffichesFilms/afficheSlash_-_petite.jpg", "an_creation": 2016, "video": [], "photo": []}}, {"model": "films.film", "pk": 12, "fields": {"title": "TST8", "status": "ECO", "genre": 2, "synopsis": "TST8", "created_at": "2018-12-05T17:14:43.330Z", "created_user": "", "changed_at": "2018-12-05T17:14:43.330Z", "changed_user": "", "picture": "Images/AffichesFilms/afficheizo2Finaledefinitive_poursiteaudioviz.jpg", "an_creation": 2010, "video": [], "photo": []}}, {"model": "films.film", "pk": 13, "fields": {"title": "testb-1", "status": "ECO", "genre": 3, "synopsis": ".", "created_at": "2018-12-06T14:06:42.597Z", "created_user": "", "changed_at": "2018-12-06T14:06:42.597Z", "changed_user": "", "picture": "Images/AffichesFilms/angeGardien.jpg", "an_creation": 2013, "video": [], "photo": []}}, {"model": "films.film", "pk": 14, "fields": {"title": "testb-2", "status": "ECO", "genre": 3, "synopsis": ".", "created_at": "2018-12-06T14:07:18.822Z", "created_user": "", "changed_at": "2018-12-06T14:07:18.822Z", "changed_user": "", "picture": "Images/AffichesFilms/screamfanfilmclipmetrageaffiche3.jpg", "an_creation": 2014, "video": [], "photo": []}}, {"model": "films.film", "pk": 15, "fields": {"title": "testb-3", "status": "ECO", "genre": 4, "synopsis": ".", "created_at": "2018-12-06T14:07:45.027Z", "created_user": "", "changed_at": "2018-12-06T14:07:45.027Z", "changed_user": "", "picture": "Images/AffichesFilms/GunLand_affiche_interne.jpg", "an_creation": 2015, "video": [], "photo": []}}, {"model": "films.film", "pk": 16, "fields": {"title": "tstb-4", "status": "ECO", "genre": 2, "synopsis": ".", "created_at": "2018-12-06T14:08:17.524Z", "created_user": "", "changed_at": "2018-12-06T14:08:17.524Z", "changed_user": "", "picture": "Images/AffichesFilms/silentHero.jpg", "an_creation": 2015, "video": [], "photo": []}}, {"model": "films.film", "pk": 17, "fields": {"title": "Testb-5", "status": "ECO", "genre": 4, "synopsis": ".", "created_at": "2018-12-06T14:08:50.205Z", "created_user": "", "changed_at": "2018-12-06T14:08:50.205Z", "changed_user": "", "picture": "Images/AffichesFilms/oranges.jpg", "an_creation": 2013, "video": [], "photo": []}}, {"model": "films.film", "pk": 18, "fields": {"title": "testb-6", "status": "ECO", "genre": 2, "synopsis": ".", "created_at": "2018-12-06T14:09:23.106Z", "created_user": "", "changed_at": "2018-12-06T14:09:23.106Z", "changed_user": "", "picture": "Images/AffichesFilms/sharkaneaffichelegersite.jpg", "an_creation": 2010, "video": [], "photo": []}}, {"model": "films.role_film", "pk": 1, "fields": {"film": 1, "role": 1, "acteur": 1, "roledescription": "test_role 1"}}, {"model": "films.role_film", "pk": 2, "fields": {"film": 1, "role": 2, "acteur": 1, "roledescription": "test_role 1-2"}}, {"model": "films.role_film", "pk": 3, "fields": {"film": 1, "role": 3, "acteur": 1, "roledescription": "test_role 1-3"}}, {"model": "films.role_film", "pk": 4, "fields": {"film": 1, "role": 4, "acteur": 1, "roledescription": "test_role 1-4"}}, {"model": "films.role_film", "pk": 5, "fields": {"film": 1, "role": 5, "acteur": 1, "roledescription": "test_role 1-5"}}, {"model": "films.role_film", "pk": 6, "fields": {"film": 1, "role": 6, "acteur": 2, "roledescription": "test_role 1-6"}}, {"model": "films.role_film", "pk": 7, "fields": {"film": 1, "role": 6, "acteur": 3, "roledescription": "test_role 1-7"}}, {"model": "films.role_film", "pk": 8, "fields": {"film": 1, "role": 6, "acteur": 4, "roledescription": "test_role 1-8"}}, {"model": "films.role_film", "pk": 9, "fields": {"film": 1, "role": 6, "acteur": 5, "roledescription": "test_role 1-9"}}, {"model": "films.role_film", "pk": 10, "fields": {"film": 1, "role": 6, "acteur": 6, "roledescription": "test_role 1-10"}}, {"model": "films.role_film", "pk": 11, "fields": {"film": 1, "role": 7, "acteur": 1, "roledescription": "test_role 1-10"}}, {"model": "films.role_film", "pk": 12, "fields": {"film": 2, "role": 1, "acteur": 1, "roledescription": ""}}, {"model": "films.role_film", "pk": 13, "fields": {"film": 2, "role": 8, "acteur": 7, "roledescription": ""}}, {"model": "films.role_film", "pk": 14, "fields": {"film": 2, "role": 6, "acteur": 9, "roledescription": ""}}, {"model": "films.role_film", "pk": 15, "fields": {"film": 2, "role": 6, "acteur": 1, "roledescription": ""}}, {"model": "films.role_film", "pk": 16, "fields": {"film": 2, "role": 6, "acteur": 7, "roledescription": ""}}, {"model": "films.role_film", "pk": 17, "fields": {"film": 2, "role": 7, "acteur": 1, "roledescription": ""}}, {"model": "films.role_film", "pk": 18, "fields": {"film": 2, "role": 2, "acteur": 1, "roledescription": ""}}, {"model": "films.role_film", "pk": 19, "fields": {"film": 2, "role": 5, "acteur": 1, "roledescription": ""}}, {"model": "films.role_film", "pk": 20, "fields": {"film": 2, "role": 4, "acteur": 8, "roledescription": ""}}, {"model": "films.role_film", "pk": 21, "fields": {"film": 3, "role": 1, "acteur": 1, "roledescription": ""}}, {"model": "films.role_film", "pk": 22, "fields": {"film": 3, "role": 4, "acteur": 8, "roledescription": ""}}, {"model": "films.role_film", "pk": 23, "fields": {"film": 3, "role": 6, "acteur": 7, "roledescription": "Superman"}}, {"model": "films.role_film", "pk": 24, "fields": {"film": 3, "role": 6, "acteur": 1, "roledescription": ""}}, {"model": "films.contact", "pk": 2, "fields": {"first_name": "Angel", "name": "Belando", "email_address": "angel.belando@orange.fr", "subject": "c'est un test d'envoi de message", "message": "Lorem ipsum dolor sit amet, consectetur adipiscing elit. Cras id nisi sed sem mollis pulvinar in eu nibh. Donec mi nibh, dictum id lobortis volutpat, pharetra ut erat. Fusce eget orci in sem efficitur interdum. Suspendisse potenti. Quisque efficitur diam vel gravida posuere. Fusce id sapien ante. Phasellus finibus semper dapibus. Aenean faucibus sagittis tellus, at ornare lorem pulvinar semper."}}, {"model": "films.contact", "pk": 9, "fields": {"first_name": "Angel", "name": "Angel Belando", "email_address": "angel.belando@orange.fr", "subject": "ererer", "message": "tttttttttttt"}}, {"model": "films.contact", "pk": 10, "fields": {"first_name": "Angel", "name": "Angel Belando", "email_address": "angel.belando@orange.fr", "subject": "fff", "message": "ffff"}}, {"model": "films.contact", "pk": 11, "fields": {"first_name": "Angel 2", "name": "Belando 2", "email_address": "angel.belando@orange.fr", "subject": "test", "message": "wwww"}}, {"model": "films.contact", "pk": 12, "fields": {"first_name": "Angel", "name": "Angel Belando", "email_address": "angel.belando@orange.fr", "subject": "ghggh", "message": "ghgh"}}, {"model": "films.contact", "pk": 13, "fields": {"first_name": "Angel", "name": "Angel Belando", "email_address": "angel.belando@orange.fr", "subject": "fff", "message": "fff"}}, {"model": "films.contact", "pk": 14, "fields": {"first_name": "Cap Thalassa C", "name": "Cap Thalassa C Angel", "email_address": "angel.belando@orange.fr", "subject": "ssqsqs", "message": "ssssssss"}}, {"model": "films.contact", "pk": 15, "fields": {"first_name": "Angel", "name": "Angel Belando", "email_address": "angel.belando@orange.fr", "subject": "sss", "message": "nfgssss"}}, {"model": "films.contact", "pk": 16, "fields": {"first_name": "Angel", "name": "Angel Belando", "email_address": "angel.belando@orange.fr", "subject": "ss", "message": "sss"}}, {"model": "films.contact", "pk": 17, "fields": {"first_name": "Angel", "name": "Angel Belando", "email_address": "angel.belando@orange.fr", "subject": "ss", "message": "sss"}}, {"model": "films.contact", "pk": 18, "fields": {"first_name": "Angel", "name": "Angel Belando", "email_address": "angel.belando@orange.fr", "subject": "ss", "message": "sss"}}, {"model": "films.contact", "pk": 19, "fields": {"first_name": "qs", "name": "s", "email_address": "angel.belando@orange.fr", "subject": "sss", "message": "sssss"}}, {"model": "films.contact", "pk": 20, "fields": {"first_name": "Angel", "name": "Angel Belando", "email_address": "angel.belando@orange.fr", "subject": "ddddddddddddddddddd", "message": "ddddddddddddddddddddddd"}}, {"model": "films.contact", "pk": 21, "fields": {"first_name": "Angel", "name": "Angel Belando", "email_address": "angel.belando@orange.fr", "subject": "www", "message": "wwwwwww"}}, {"model": "films.contact", "pk": 22, "fields": {"first_name": "Angel", "name": "Angel Belando", "email_address": "angel.belando@orange.fr", "subject": "sqs", "message": "qssqs"}}, {"model": "films.contact", "pk": 23, "fields": {"first_name": "Angel", "name": "Angel Belando", "email_address": "angel.belando@orange.fr", "subject": "test", "message": "jWJHXghJWGxjhWGxjhW"}}, {"model": "films.contact", "pk": 24, "fields": {"first_name": "Angel", "name": "Angel Belando", "email_address": "angel.belando@orange.fr", "subject": "va te faire voir !!!!", "message": "et pourquoi faire!!!!!"}}, {"model": "films.contact", "pk": 25, "fields": {"first_name": "Angel", "name": "Angel Belando", "email_address": "angel.belando@orange.fr", "subject": "uuuuu", "message": "uuuuuu"}}]