[{"model": "films.genre_film", "pk": 2, "fields": {"genre": "Documentaire"}}, {"model": "films.genre_film", "pk": 3, "fields": {"genre": "Fan Film"}}, {"model": "films.genre_film", "pk": 4, "fields": {"genre": "Cuisine"}}, {"model": "films.acteur", "pk": 1, "fields": {"name": "J\u00e9r\u00e9my Belando", "resumeCV": "Belando", "photoActeur": "Images/Photos/silhouette-of-a-man-36181_640.png"}}, {"model": "films.acteur", "pk": 2, "fields": {"name": "Henri Adam", "resumeCV": "Grand-P\u00e8re", "photoActeur": ""}}, {"model": "films.acteur", "pk": 3, "fields": {"name": "Fran\u00e7oise Adam", "resumeCV": "Grand-m\u00e8re", "photoActeur": ""}}, {"model": "films.acteur", "pk": 4, "fields": {"name": "Isabelle Adam", "resumeCV": "Tante", "photoActeur": ""}}, {"model": "films.acteur", "pk": 5, "fields": {"name": "Angel Belando", "resumeCV": "P\u00e8re", "photoActeur": ""}}, {"model": "films.acteur", "pk": 6, "fields": {"name": "Carole Belando", "resumeCV": "M\u00e8re", "photoActeur": ""}}, {"model": "films.acteur", "pk": 7, "fields": {"name": "Benjamin Belando", "resumeCV": ".", "photoActeur": ""}}, {"model": "films.acteur", "pk": 8, "fields": {"name": "Audioviz", "resumeCV": "Association", "photoActeur": ""}}, {"model": "films.acteur", "pk": 9, "fields": {"name": "Ludovic Ardoise", "resumeCV": ".", "photoActeur": ""}}, {"model": "films.role", "pk": 1, "fields": {"name": "R\u00e9alisateur", "description": "test"}}, {"model": "films.role", "pk": 2, "fields": {"name": "Monteur", "description": "Monteur"}}, {"model": "films.role", "pk": 3, "fields": {"name": "Directeur de la Photographie", "description": "Directeur de la Photographie"}}, {"model": "films.role", "pk": 4, "fields": {"name": "Producteur", "description": "Producteur"}}, {"model": "films.role", "pk": 5, "fields": {"name": "Producteur Ex\u00e9cutif", "description": "Producteur Ex\u00e9cutif"}}, {"model": "films.role", "pk": 6, "fields": {"name": "Acteur", "description": "Acteur"}}, {"model": "films.role", "pk": 7, "fields": {"name": "Id\u00e9e originale de", "description": "Id\u00e9e originale de"}}, {"model": "films.role", "pk": 8, "fields": {"name": "Assistant r\u00e9alisateur", "description": "Assistant r\u00e9alisateur"}}, {"model": "films.video_type", "pk": 2, "fields": {"name": "Bande-Annonce"}}, {"model": "films.video_type", "pk": 3, "fields": {"name": "Extrait"}}, {"model": "films.video_type", "pk": 4, "fields": {"name": "Fillm"}}, {"model": "films.video_type", "pk": 5, "fields": {"name": "Film"}}, {"model": "films.video_type", "pk": 6, "fields": {"name": "Film BOF"}}, {"model": "films.video_type", "pk": 7, "fields": {"name": "Clip ultimate"}}, {"model": "films.video_type", "pk": 8, "fields": {"name": "Forzani / Cattet Style"}}, {"model": "films.video_type", "pk": 9, "fields": {"name": "Teaser"}}, {"model": "films.video", "pk": 2, "fields": {"name": "En provence- Bande Annonce", "videoType": 2, "UrlVideo": "uX-UslzP_vE"}}, {"model": "films.video", "pk": 3, "fields": {"name": "En Provence - Extrait n\u00b01", "videoType": 3, "UrlVideo": "7IyMnG5Vx3w"}}, {"model": "films.video", "pk": 4, "fields": {"name": "007 Fan Film : The case is not enough - Film", "videoType": 5, "UrlVideo": "LF_UiTTERcU"}}, {"model": "films.video", "pk": 5, "fields": {"name": "007 Fan Film : The case is not enough - Film with BOF", "videoType": 6, "UrlVideo": "XDKX2rzzQ9A"}}, {"model": "films.video", "pk": 6, "fields": {"name": "007 Ultimate Fan film", "videoType": 7, "UrlVideo": "biV0i3Ib2qc"}}, {"model": "films.video", "pk": 7, "fields": {"name": "James Bond Fan Film ( Forzani / Cattet Style )", "videoType": 8, "UrlVideo": "biV0i3Ib2qc"}}, {"model": "films.video", "pk": 8, "fields": {"name": "ZICO - Court-m\u00e9trage", "videoType": 5, "UrlVideo": "B9D0RzH2IAI"}}, {"model": "films.video", "pk": 9, "fields": {"name": "ZICO - Teaser", "videoType": 9, "UrlVideo": "CYTN13k1ph0"}}, {"model": "films.video", "pk": 10, "fields": {"name": "Tartare", "videoType": 5, "UrlVideo": "RiKAcjLTWCU"}}, {"model": "films.photo", "pk": 2, "fields": {"name": "Photo Test", "photo": "films/static/film/img/Photos/Affiche_En_Provence_-_L\u00e9ger.jpg"}}, {"model": "films.photo", "pk": 3, "fields": {"name": "Photo Test 007", "photo": "films/static/film/img/Photos/007fanfilmafficheleger.jpg"}}, {"model": "films.photo", "pk": 4, "fields": {"name": "zico_1", "photo": "Images/Photos/zico_1_20150327_1759916392.jpg"}}, {"model": "films.photo", "pk": 5, "fields": {"name": "zico_2", "photo": "Images/Photos/zico_2_20150327_1059753957.jpg"}}, {"model": "films.photo", "pk": 6, "fields": {"name": "zico_3", "photo": "Images/Photos/zico_3_20150327_1240663760.jpg"}}, {"model": "films.photo", "pk": 7, "fields": {"name": "zico_4", "photo": "Images/Photos/zico_4_20150327_1341486162.jpg"}}, {"model": "films.photo", "pk": 8, "fields": {"name": "zico_5", "photo": "Images/Photos/zico_5_20150327_1452773279.jpg"}}, {"model": "films.photo", "pk": 9, "fields": {"name": "zico_6", "photo": "Images/Photos/zico_6_20150327_1058254745.jpg"}}, {"model": "films.photo", "pk": 10, "fields": {"name": "zico_7", "photo": "Images/Photos/zico_7_20150327_1166939415.jpg"}}, {"model": "films.photo", "pk": 11, "fields": {"name": "zico_8", "photo": "Images/Photos/zico_8_20150327_1198493902.jpg"}}, {"model": "films.photo", "pk": 12, "fields": {"name": "zico_9", "photo": "Images/Photos/zico_9_20150327_1850337992.jpg"}}, {"model": "films.photo", "pk": 13, "fields": {"name": "zico_10", "photo": "Images/Photos/zico_10_20150327_1713515724.jpg"}}, {"model": "films.photo", "pk": 14, "fields": {"name": "zico_11", "photo": "Images/Photos/zico_11_20150327_1401682429.jpg"}}, {"model": "films.photo", "pk": 15, "fields": {"name": "zico_12", "photo": "Images/Photos/zico_12_20150327_1840318400.jpg"}}, {"model": "films.photo", "pk": 16, "fields": {"name": "zico_13", "photo": "Images/Photos/zico_13_20150327_1401712302.jpg"}}, {"model": "films.photo", "pk": 17, "fields": {"name": "zico_14", "photo": "Images/Photos/zico_14_20150327_1151147438.jpg"}}, {"model": "films.film", "pk": 1, "fields": {"title": "En Provence", "status": "ECO", "genre": 2, "synopsis": "M\u00e9lange \u00e9tourdissant entre le \u00ab Feel good movie \u00bb (ces fameux films que l\u2019on regarde en se sentant bien), le \u00ab Hangout movie \u00bb (ces films o\u00f9 l\u2019on passe un bon moment avec des personnages que l\u2019on adore) et le documentaire, \u00ab En Provence \u00bb est un v\u00e9ritable petit bijoux d\u2019humanit\u00e9. Un moment des plus agr\u00e9able. Le brillant montage croise le destin de pas moins de 4 g\u00e9n\u00e9rations. Des grands parents \u00e0 l\u2019arri\u00e8re petite fille dans un d\u00e9luge de moment tendre et hilarant. Ne vous privez pas de ce plaisir. Un grand documentaire \u00e0 voir et revoir en famille.", "created_at": "2018-11-07T07:59:14.338Z", "created_user": "", "changed_at": "2018-11-07T07:59:14.338Z", "changed_user": "", "picture": "Images/AffichesFilms/Affiche_En_Provence_qjxRCBp.jpg", "an_creation": 2017, "video": [2, 3], "photo": []}}, {"model": "films.film", "pk": 2, "fields": {"title": "007 Fan Film : The case is not enough", "status": "ECO", "genre": 3, "synopsis": "James Bond doit retrouver une mallette d'une importance capitale.", "created_at": "2018-11-07T09:54:15.298Z", "created_user": "", "changed_at": "2018-11-07T09:54:15.298Z", "changed_user": "", "picture": "Images/AffichesFilms/007fanfilmafficheleger.jpg", "an_creation": 2017, "video": [4, 5, 6, 7], "photo": []}}, {"model": "films.film", "pk": 3, "fields": {"title": "ZICO", "status": "ECO", "genre": 2, "synopsis": "Ils ont tu\u00e9 sa femme. Il va se venger...C'est peut-\u00eatre plus compliqu\u00e9 que \u00e7a.", "created_at": "2018-11-14T08:31:11.212Z", "created_user": "", "changed_at": "2018-11-14T08:31:11.213Z", "changed_user": "", "picture": "Images/AffichesFilms/afficheZico03_WC3IfSg.jpg", "an_creation": 2013, "video": [8, 9], "photo": [4, 5, 6, 7, 9, 10, 11, 12, 13, 14, 15, 16, 17]}}, {"model": "films.film", "pk": 4, "fields": {"title": "Tartare \u00e0 l'Italienne", "status": "ECO", "genre": 4, "synopsis": "Recette", "created_at": "2018-11-14T17:17:54.790Z", "created_user": "", "changed_at": "2018-11-14T17:17:54.790Z", "changed_user": "", "picture": "Images/AffichesFilms/tartarealitalienne_Nhzq3T8.jpg", "an_creation": 2018, "video": [10], "photo": []}}, {"model": "films.role_film", "pk": 1, "fields": {"film": 1, "role": 1, "acteur": 1, "roledescription": "test_role 1"}}, {"model": "films.role_film", "pk": 2, "fields": {"film": 1, "role": 2, "acteur": 1, "roledescription": "test_role 1-2"}}, {"model": "films.role_film", "pk": 3, "fields": {"film": 1, "role": 3, "acteur": 1, "roledescription": "test_role 1-3"}}, {"model": "films.role_film", "pk": 4, "fields": {"film": 1, "role": 4, "acteur": 1, "roledescription": "test_role 1-4"}}, {"model": "films.role_film", "pk": 5, "fields": {"film": 1, "role": 5, "acteur": 1, "roledescription": "test_role 1-5"}}, {"model": "films.role_film", "pk": 6, "fields": {"film": 1, "role": 6, "acteur": 2, "roledescription": "test_role 1-6"}}, {"model": "films.role_film", "pk": 7, "fields": {"film": 1, "role": 6, "acteur": 3, "roledescription": "test_role 1-7"}}, {"model": "films.role_film", "pk": 8, "fields": {"film": 1, "role": 6, "acteur": 4, "roledescription": "test_role 1-8"}}, {"model": "films.role_film", "pk": 9, "fields": {"film": 1, "role": 6, "acteur": 5, "roledescription": "test_role 1-9"}}, {"model": "films.role_film", "pk": 10, "fields": {"film": 1, "role": 6, "acteur": 6, "roledescription": "test_role 1-10"}}, {"model": "films.role_film", "pk": 11, "fields": {"film": 1, "role": 7, "acteur": 1, "roledescription": "test_role 1-10"}}, {"model": "films.role_film", "pk": 12, "fields": {"film": 2, "role": 1, "acteur": 1, "roledescription": ""}}, {"model": "films.role_film", "pk": 13, "fields": {"film": 2, "role": 8, "acteur": 7, "roledescription": ""}}, {"model": "films.role_film", "pk": 14, "fields": {"film": 2, "role": 6, "acteur": 9, "roledescription": ""}}, {"model": "films.role_film", "pk": 15, "fields": {"film": 2, "role": 6, "acteur": 1, "roledescription": ""}}, {"model": "films.role_film", "pk": 16, "fields": {"film": 2, "role": 6, "acteur": 7, "roledescription": ""}}, {"model": "films.role_film", "pk": 17, "fields": {"film": 2, "role": 7, "acteur": 1, "roledescription": ""}}, {"model": "films.role_film", "pk": 18, "fields": {"film": 2, "role": 2, "acteur": 1, "roledescription": ""}}, {"model": "films.role_film", "pk": 19, "fields": {"film": 2, "role": 5, "acteur": 1, "roledescription": ""}}, {"model": "films.role_film", "pk": 20, "fields": {"film": 2, "role": 4, "acteur": 8, "roledescription": ""}}, {"model": "films.role_film", "pk": 21, "fields": {"film": 3, "role": 1, "acteur": 1, "roledescription": ""}}, {"model": "films.role_film", "pk": 22, "fields": {"film": 3, "role": 4, "acteur": 8, "roledescription": ""}}, {"model": "films.role_film", "pk": 23, "fields": {"film": 3, "role": 6, "acteur": 7, "roledescription": "Superman"}}, {"model": "films.role_film", "pk": 24, "fields": {"film": 3, "role": 6, "acteur": 1, "roledescription": ""}}]